,date,high,low,max_precipitation_10min(mm),daylight_hours(hours)
0,1984/1/1,10.1,0.9,0.0,8.5
1,1984/1/2,8.9,0.3,0.0,7.0
2,1984/1/3,7.7,0.9,1.0,4.1
3,1984/1/4,10.9,1.5,0.5,6.5
4,1984/1/5,7.6,1.9,0.0,8.6
5,1984/1/6,9.3,1.3,0.0,8.7
6,1984/1/7,8.7,0.2,0.0,8.5
7,1984/1/8,7.1,-0.2,0.0,8.3
8,1984/1/9,9.7,-0.9,0.0,7.9
9,1984/1/10,11.4,-0.2,0.0,8.8
10,1984/1/11,9.0,3.1,0.0,5.8
11,1984/1/12,7.6,1.3,0.0,7.1
12,1984/1/13,8.7,-1.1,0.0,8.5
13,1984/1/14,9.5,1.6,0.0,8.1
14,1984/1/15,14.6,0.7,0.5,6.1
15,1984/1/16,7.2,0.7,0.0,5.1
16,1984/1/17,7.4,-0.3,0.0,8.6
17,1984/1/18,7.2,0.6,0.0,8.7
18,1984/1/19,2.9,-0.7,0.5,0.0
19,1984/1/20,2.9,-2.0,0.0,8.9
20,1984/1/21,0.7,-2.5,0.5,0.0
21,1984/1/22,4.7,0.3,0.5,0.5
22,1984/1/23,8.3,0.2,0.0,7.3
23,1984/1/24,6.5,0.8,0.0,7.7
24,1984/1/25,6.1,-1.5,0.0,6.0
25,1984/1/26,6.7,-0.3,0.0,8.7
26,1984/1/27,8.4,-1.3,0.0,9.2
27,1984/1/28,6.9,0.0,0.0,8.9
28,1984/1/29,6.2,0.5,0.0,9.6
29,1984/1/30,5.9,-0.8,0.0,7.1
30,1984/1/31,3.5,-0.1,1.0,0.0
31,1984/2/1,8.2,0.2,0.0,6.6
32,1984/2/2,12.8,-0.2,0.0,8.4
33,1984/2/3,7.3,-1.0,0.0,5.7
34,1984/2/4,2.8,-2.9,0.0,9.1
35,1984/2/5,4.7,-2.1,0.0,3.8
36,1984/2/6,2.3,-1.2,0.0,3.8
37,1984/2/7,3.2,-3.1,0.0,9.6
38,1984/2/8,4.9,-2.8,0.0,9.5
39,1984/2/9,6.2,-3.5,0.0,9.7
40,1984/2/10,5.9,-0.6,0.0,9.8
41,1984/2/11,6.6,1.1,0.0,8.2
42,1984/2/12,4.7,0.4,0.5,0.0
43,1984/2/13,5.6,0.9,0.5,0.0
44,1984/2/14,7.5,2.7,0.0,3.5
45,1984/2/15,6.6,0.9,0.0,5.2
46,1984/2/16,6.7,-0.4,0.0,9.6
47,1984/2/17,4.2,-0.7,1.0,0.5
48,1984/2/18,5.0,-0.9,0.5,8.8
49,1984/2/19,6.2,-1.2,0.0,9.9
50,1984/2/20,5.6,0.4,0.0,4.0
51,1984/2/21,8.5,-0.3,0.0,9.3
52,1984/2/22,8.8,1.8,0.0,7.8
53,1984/2/23,4.5,1.4,1.0,0.0
54,1984/2/24,10.3,3.9,0.0,9.5
55,1984/2/25,7.0,3.2,0.0,3.3
56,1984/2/26,4.9,0.9,1.0,0.0
57,1984/2/27,9.4,2.1,0.0,8.8
58,1984/2/28,6.7,0.7,0.0,9.5
59,1984/2/29,6.9,-0.8,0.0,8.6
60,1984/3/1,7.3,-1.5,0.0,8.9
61,1984/3/2,10.6,0.1,0.0,9.8
62,1984/3/3,10.4,2.0,0.5,6.4
63,1984/3/4,8.3,1.2,0.5,6.1
64,1984/3/5,8.6,1.0,0.0,7.2
65,1984/3/6,9.9,0.8,0.0,7.6
66,1984/3/7,10.2,1.6,0.0,8.5
67,1984/3/8,10.8,2.6,0.0,7.2
68,1984/3/9,9.4,2.6,0.0,6.6
69,1984/3/10,6.1,2.0,0.5,1.2
70,1984/3/11,9.1,3.2,0.0,10.1
71,1984/3/12,12.5,0.4,0.0,10.3
72,1984/3/13,9.5,2.2,0.0,7.2
73,1984/3/14,3.7,0.6,0.5,0.0
74,1984/3/15,8.7,1.4,0.0,7.7
75,1984/3/16,5.6,1.2,0.5,0.0
76,1984/3/17,12.2,3.0,0.0,7.3
77,1984/3/18,12.7,1.5,0.0,10.5
78,1984/3/19,5.7,1.0,0.5,0.0
79,1984/3/20,5.3,0.9,0.5,0.0
80,1984/3/21,9.7,2.2,0.0,7.4
81,1984/3/22,8.3,1.1,0.0,10.6
82,1984/3/23,9.2,0.3,0.0,10.4
83,1984/3/24,10.2,2.2,0.5,2.8
84,1984/3/25,14.1,3.0,0.0,9.5
85,1984/3/26,13.1,5.8,0.0,8.6
86,1984/3/27,13.1,4.2,0.0,7.0
87,1984/3/28,6.5,2.4,0.5,1.7
88,1984/3/29,17.0,2.1,0.0,10.3
89,1984/3/30,19.1,6.8,0.0,9.4
90,1984/3/31,18.8,2.7,1.0,5.4
91,1984/4/1,4.3,1.8,0.5,0.0
92,1984/4/2,11.1,3.4,0.0,6.0
93,1984/4/3,10.4,3.4,0.0,0.0
94,1984/4/4,17.0,5.4,0.5,8.6
95,1984/4/5,15.0,11.5,1.5,0.0
96,1984/4/6,19.7,8.8,0.5,8.6
97,1984/4/7,9.8,5.5,0.5,1.0
98,1984/4/8,12.8,4.3,0.5,9.0
99,1984/4/9,12.5,3.2,0.0,8.3
100,1984/4/10,14.2,7.0,0.0,0.0
101,1984/4/11,17.2,9.0,0.0,2.8
102,1984/4/12,18.6,8.2,0.0,8.3
103,1984/4/13,14.9,8.6,0.0,6.3
104,1984/4/14,15.6,8.1,0.0,9.2
105,1984/4/15,16.0,6.7,0.0,5.9
106,1984/4/16,12.7,10.3,0.5,0.0
107,1984/4/17,16.2,9.6,0.0,6.1
108,1984/4/18,24.0,11.8,0.0,7.5
109,1984/4/19,17.8,5.5,1.5,0.0
110,1984/4/20,17.9,5.6,1.5,7.4
111,1984/4/21,15.0,8.1,0.0,1.7
112,1984/4/22,13.8,7.8,0.0,2.7
113,1984/4/23,18.2,8.3,0.0,10.0
114,1984/4/24,18.6,7.5,0.0,11.8
115,1984/4/25,20.8,11.1,0.0,10.5
116,1984/4/26,21.6,14.3,0.0,9.0
117,1984/4/27,20.6,13.2,0.0,8.0
118,1984/4/28,21.4,11.3,0.0,11.2
119,1984/4/29,15.9,9.2,0.0,7.5
120,1984/4/30,16.6,9.0,0.0,0.8
121,1984/5/1,19.4,11.4,1.0,3.2
122,1984/5/2,19.9,13.1,4.5,6.5
123,1984/5/3,23.6,10.5,0.0,11.6
124,1984/5/4,21.3,13.5,0.0,8.1
125,1984/5/5,22.3,14.7,0.0,7.4
126,1984/5/6,23.1,14.3,0.0,11.0
127,1984/5/7,24.4,15.0,0.0,12.0
128,1984/5/8,23.7,16.2,0.0,10.9
129,1984/5/9,27.7,17.8,0.0,11.7
130,1984/5/10,25.2,15.7,0.0,11.9
131,1984/5/11,22.2,14.9,0.0,6.2
132,1984/5/12,22.4,14.1,0.0,5.6
133,1984/5/13,14.3,11.3,0.5,0.0
134,1984/5/14,17.9,11.1,1.0,0.4
135,1984/5/15,15.8,9.3,0.0,0.4
136,1984/5/16,17.0,11.9,1.5,0.0
137,1984/5/17,19.7,11.5,1.5,8.0
138,1984/5/18,19.1,11.9,0.0,5.5
139,1984/5/19,21.2,11.6,0.0,7.8
140,1984/5/20,21.1,14.3,0.0,7.0
141,1984/5/21,18.8,14.4,0.0,0.1
142,1984/5/22,19.5,12.4,0.0,8.0
143,1984/5/23,17.2,12.3,1.5,0.8
144,1984/5/24,20.2,12.5,0.5,3.0
145,1984/5/25,20.9,14.6,0.0,4.1
146,1984/5/26,20.8,13.6,0.0,1.6
147,1984/5/27,24.0,17.5,0.0,8.6
148,1984/5/28,22.8,17.7,0.0,4.2
149,1984/5/29,22.6,17.9,0.0,0.5
150,1984/5/30,25.5,18.1,0.0,6.1
151,1984/5/31,24.0,17.9,0.0,0.0
152,1984/6/1,27.0,18.3,0.0,8.7
153,1984/6/2,26.6,18.8,0.0,9.3
154,1984/6/3,21.8,16.5,0.5,0.0
155,1984/6/4,21.9,16.5,1.5,2.9
156,1984/6/5,23.7,17.1,0.0,2.5
157,1984/6/6,26.6,16.7,0.0,9.7
158,1984/6/7,25.9,20.4,0.0,8.7
159,1984/6/8,25.5,20.9,0.0,9.9
160,1984/6/9,26.1,19.7,0.0,7.7
161,1984/6/10,24.0,19.1,0.5,0.0
162,1984/6/11,24.0,20.3,0.5,0.0
163,1984/6/12,26.7,20.3,0.0,2.5
164,1984/6/13,22.4,19.0,1.5,0.0
165,1984/6/14,25.6,19.0,0.5,4.1
166,1984/6/15,26.2,18.8,0.0,9.5
167,1984/6/16,28.0,21.9,0.0,8.4
168,1984/6/17,27.6,22.2,0.5,2.2
169,1984/6/18,29.0,23.4,0.5,6.2
170,1984/6/19,31.5,23.6,0.0,5.1
171,1984/6/20,27.4,22.4,0.5,0.6
172,1984/6/21,22.6,18.0,0.5,0.0
173,1984/6/22,21.2,18.1,2.0,0.0
174,1984/6/23,22.0,17.9,4.0,0.0
175,1984/6/24,24.4,18.0,0.0,3.8
176,1984/6/25,22.4,17.9,0.5,0.0
177,1984/6/26,20.7,17.8,2.0,0.0
178,1984/6/27,22.7,17.3,1.0,0.0
179,1984/6/28,24.6,18.9,0.5,5.7
180,1984/6/29,22.2,18.3,2.5,0.0
181,1984/6/30,26.5,19.6,0.0,5.7
182,1984/7/1,27.2,17.5,0.0,7.9
183,1984/7/2,28.3,19.1,0.0,7.9
184,1984/7/3,29.5,21.9,0.0,11.3
185,1984/7/4,32.9,23.7,0.0,12.2
186,1984/7/5,33.6,25.6,0.0,8.1
187,1984/7/6,30.5,21.5,0.0,1.5
188,1984/7/7,23.2,19.4,0.5,0.0
189,1984/7/8,22.2,19.1,1.0,0.0
190,1984/7/9,28.8,20.7,0.0,1.1
191,1984/7/10,27.5,20.1,0.0,4.8
192,1984/7/11,28.6,21.2,8.5,5.7
193,1984/7/12,28.2,21.3,2.5,3.4
194,1984/7/13,29.8,22.2,0.0,3.1
195,1984/7/14,30.7,25.0,0.0,3.5
196,1984/7/15,29.0,24.9,3.5,4.2
197,1984/7/16,31.7,25.8,0.0,11.3
198,1984/7/17,32.3,25.5,0.0,11.6
199,1984/7/18,31.9,25.3,0.0,8.0
200,1984/7/19,30.1,24.2,1.0,1.7
201,1984/7/20,30.3,24.4,2.0,3.2
202,1984/7/21,29.5,24.6,1.5,1.2
203,1984/7/22,31.1,23.5,0.0,7.3
204,1984/7/23,28.9,24.0,0.0,3.4
205,1984/7/24,31.4,23.7,0.0,8.8
206,1984/7/25,32.1,25.3,0.0,9.0
207,1984/7/26,32.7,25.3,0.0,9.9
208,1984/7/27,31.5,24.0,0.0,2.3
209,1984/7/28,27.5,25.0,4.0,0.0
210,1984/7/29,32.5,25.3,0.5,8.2
211,1984/7/30,32.7,25.1,0.0,9.8
212,1984/7/31,32.9,24.9,0.0,9.7
213,1984/8/1,32.7,26.0,0.0,8.6
214,1984/8/2,32.3,26.4,0.0,8.4
215,1984/8/3,32.4,25.8,0.0,7.0
216,1984/8/4,33.1,25.2,0.0,10.5
217,1984/8/5,32.2,26.8,0.0,10.8
218,1984/8/6,34.2,26.4,0.0,9.4
219,1984/8/7,35.0,27.6,0.0,9.6
220,1984/8/8,33.7,27.1,0.0,4.9
221,1984/8/9,33.0,25.8,0.0,7.1
222,1984/8/10,32.4,26.7,0.0,3.8
223,1984/8/11,31.6,26.8,0.0,8.9
224,1984/8/12,32.9,27.1,0.0,9.2
225,1984/8/13,33.3,27.2,0.0,5.5
226,1984/8/14,34.0,26.1,0.0,12.2
227,1984/8/15,34.4,26.8,0.0,11.5
228,1984/8/16,34.8,27.0,0.0,12.2
229,1984/8/17,34.5,27.0,0.0,9.1
230,1984/8/18,34.1,26.9,0.0,10.7
231,1984/8/19,33.8,26.3,0.0,12.5
232,1984/8/20,33.3,26.1,5.0,12.1
233,1984/8/21,32.0,25.9,3.5,4.7
234,1984/8/22,31.0,26.0,5.5,3.1
235,1984/8/23,34.5,26.8,0.0,10.1
236,1984/8/24,27.2,22.4,0.0,4.7
237,1984/8/25,28.7,21.8,0.0,7.4
238,1984/8/26,30.3,23.5,0.0,7.4
239,1984/8/27,30.6,25.9,0.0,1.7
240,1984/8/28,34.0,24.4,0.0,10.6
241,1984/8/29,29.5,23.1,0.0,9.0
242,1984/8/30,26.5,22.8,0.0,0.2
243,1984/8/31,32.5,23.6,0.0,9.4
244,1984/9/1,31.5,25.8,0.0,6.5
245,1984/9/2,35.2,24.8,0.0,10.7
246,1984/9/3,38.1,24.7,0.0,11.3
247,1984/9/4,33.3,23.7,0.0,8.6
248,1984/9/5,26.6,21.7,3.5,0.8
249,1984/9/6,27.6,21.7,0.0,4.8
250,1984/9/7,26.6,20.2,0.0,4.8
251,1984/9/8,25.8,20.4,0.0,3.6
252,1984/9/9,25.0,20.7,4.5,0.6
253,1984/9/10,32.4,20.7,1.0,7.9
254,1984/9/11,28.1,21.9,0.0,3.1
255,1984/9/12,26.6,22.5,0.0,1.8
256,1984/9/13,27.5,20.7,0.0,5.1
257,1984/9/14,26.3,21.3,1.0,0.2
258,1984/9/15,25.0,19.7,5.0,0.0
259,1984/9/16,22.3,19.6,1.0,0.0
260,1984/9/17,26.5,20.4,0.0,6.5
261,1984/9/18,24.9,20.7,0.5,0.5
262,1984/9/19,23.2,19.5,1.0,0.0
263,1984/9/20,25.3,19.2,0.5,2.0
264,1984/9/21,25.5,21.2,0.5,0.0
265,1984/9/22,25.6,19.6,0.0,6.6
266,1984/9/23,25.6,17.1,0.0,8.4
267,1984/9/24,25.5,16.8,0.0,10.5
268,1984/9/25,26.1,17.5,0.0,9.7
269,1984/9/26,23.8,19.6,0.0,0.6
270,1984/9/27,23.0,15.7,0.0,9.6
271,1984/9/28,25.0,16.2,0.0,9.9
272,1984/9/29,26.4,16.5,0.0,6.1
273,1984/9/30,28.8,19.6,0.0,6.7
274,1984/10/1,26.6,21.0,0.0,7.5
275,1984/10/2,27.2,21.7,0.0,7.3
276,1984/10/3,30.4,21.6,0.0,5.5
277,1984/10/4,21.6,16.8,0.0,0.0
278,1984/10/5,22.8,15.3,0.0,8.4
279,1984/10/6,19.1,15.6,0.0,1.0
280,1984/10/7,18.3,13.9,0.0,4.2
281,1984/10/8,19.3,11.9,0.0,6.1
282,1984/10/9,18.9,11.7,0.0,5.1
283,1984/10/10,19.4,12.6,0.0,0.5
284,1984/10/11,17.7,14.3,0.5,0.0
285,1984/10/12,19.5,15.7,2.0,0.0
286,1984/10/13,25.4,17.2,1.5,3.8
287,1984/10/14,26.0,15.9,0.0,8.1
288,1984/10/15,21.2,14.7,0.0,9.6
289,1984/10/16,19.4,13.3,0.0,1.7
290,1984/10/17,20.3,14.8,0.5,0.9
291,1984/10/18,24.9,15.0,0.0,8.6
292,1984/10/19,18.7,14.7,1.0,0.0
293,1984/10/20,17.3,14.1,0.5,0.0
294,1984/10/21,21.8,14.2,0.5,6.7
295,1984/10/22,20.3,10.6,0.0,8.0
296,1984/10/23,21.1,11.9,0.0,7.2
297,1984/10/24,23.7,12.6,0.0,9.0
298,1984/10/25,20.0,15.5,0.0,0.0
299,1984/10/26,23.8,13.6,0.0,8.9
300,1984/10/27,22.5,15.2,0.0,5.7
301,1984/10/28,19.8,15.7,0.0,3.1
302,1984/10/29,15.7,12.6,0.0,3.0
303,1984/10/30,17.4,9.7,0.0,6.3
304,1984/10/31,17.8,7.7,0.0,9.7
305,1984/11/1,17.9,10.0,0.0,2.6
306,1984/11/2,17.8,9.4,0.0,6.7
307,1984/11/3,16.1,7.7,0.0,9.6
308,1984/11/4,18.8,8.9,0.0,9.1
309,1984/11/5,21.1,10.1,0.0,9.0
310,1984/11/6,19.8,11.8,0.0,5.0
311,1984/11/7,20.9,11.0,0.0,8.6
312,1984/11/8,21.0,13.4,0.0,7.2
313,1984/11/9,22.7,12.4,0.0,8.0
314,1984/11/10,16.5,13.2,0.0,1.8
315,1984/11/11,17.3,12.4,0.0,0.0
316,1984/11/12,17.2,11.4,0.0,0.0
317,1984/11/13,14.6,9.9,0.0,6.5
318,1984/11/14,14.7,7.5,0.0,6.6
319,1984/11/15,12.4,8.7,1.5,0.0
320,1984/11/16,15.2,10.6,0.5,0.0
321,1984/11/17,17.5,10.1,0.0,4.5
322,1984/11/18,15.1,11.5,0.0,0.0
323,1984/11/19,12.2,7.4,1.0,0.0
324,1984/11/20,7.8,6.2,1.0,0.0
325,1984/11/21,12.3,5.7,0.0,4.9
326,1984/11/22,16.1,4.9,0.0,8.6
327,1984/11/23,14.1,5.1,0.0,8.1
328,1984/11/24,17.5,8.2,0.0,0.0
329,1984/11/25,14.2,6.9,0.0,1.6
330,1984/11/26,10.4,4.3,0.0,8.6
331,1984/11/27,16.1,4.5,0.0,8.7
332,1984/11/28,10.9,5.2,0.0,6.4
333,1984/11/29,12.8,3.8,0.0,8.0
334,1984/11/30,15.8,3.7,0.0,8.6
335,1984/12/1,11.0,4.9,0.5,0.0
336,1984/12/2,15.8,5.7,0.5,5.6
337,1984/12/3,14.8,5.1,0.0,9.0
338,1984/12/4,13.7,4.4,0.0,8.4
339,1984/12/5,19.8,5.3,0.0,6.8
340,1984/12/6,17.2,5.8,0.5,1.8
341,1984/12/7,9.8,5.5,0.0,6.4
342,1984/12/8,11.5,3.0,0.0,7.7
343,1984/12/9,13.5,2.5,0.0,8.3
344,1984/12/10,14.4,5.9,0.0,5.8
345,1984/12/11,11.5,9.3,2.5,0.0
346,1984/12/12,18.4,11.1,0.0,5.8
347,1984/12/13,16.2,11.7,0.0,8.9
348,1984/12/14,17.8,8.8,0.0,1.5
349,1984/12/15,11.4,5.5,0.0,0.0
350,1984/12/16,7.6,2.1,1.5,0.1
351,1984/12/17,10.4,2.0,1.0,5.5
352,1984/12/18,12.2,5.0,0.5,0.9
353,1984/12/19,10.2,5.2,0.0,8.4
354,1984/12/20,8.7,4.7,0.0,4.8
355,1984/12/21,10.0,3.5,0.0,1.3
356,1984/12/22,12.5,5.1,0.0,5.6
357,1984/12/23,7.7,3.3,0.0,4.9
358,1984/12/24,9.4,0.3,0.0,7.4
359,1984/12/25,5.6,-1.1,0.0,4.9
360,1984/12/26,6.4,0.3,0.0,6.3
361,1984/12/27,7.6,-0.7,0.0,5.1
362,1984/12/28,8.3,-0.1,0.0,6.8
363,1984/12/29,7.0,0.8,0.0,7.8
364,1984/12/30,8.0,-0.8,0.0,8.9
365,1984/12/31,9.1,0.0,0.0,8.6
366,1985/1/1,9.4,-0.2,0.0,8.8
367,1985/1/2,9.8,1.4,0.0,8.9
368,1985/1/3,5.8,1.5,0.0,2.9
369,1985/1/4,9.3,1.7,0.0,2.9
370,1985/1/5,7.2,0.4,0.0,7.6
371,1985/1/6,6.4,-0.8,0.0,8.9
372,1985/1/7,6.6,-0.4,0.0,7.6
373,1985/1/8,8.3,0.8,0.0,5.4
374,1985/1/9,9.3,0.9,0.0,8.4
375,1985/1/10,12.1,2.6,0.0,5.2
376,1985/1/11,10.8,4.6,0.0,6.4
377,1985/1/12,8.0,2.4,0.0,0.2
378,1985/1/13,9.3,0.6,0.0,6.3
379,1985/1/14,8.4,-0.4,0.0,8.7
380,1985/1/15,6.0,-1.2,0.0,7.2
381,1985/1/16,13.5,-1.1,0.0,9.1
382,1985/1/17,6.1,0.3,0.0,9.1
383,1985/1/18,5.4,-1.8,0.0,6.8
384,1985/1/19,6.9,-0.9,0.0,8.2
385,1985/1/20,11.5,2.5,0.0,8.3
386,1985/1/21,8.9,2.8,0.0,9.1
387,1985/1/22,8.6,1.5,0.0,6.1
388,1985/1/23,11.4,1.2,0.0,8.4
389,1985/1/24,5.6,2.5,0.0,0.1
390,1985/1/25,6.1,0.6,0.0,6.8
391,1985/1/26,7.0,-2.2,0.0,9.3
392,1985/1/27,5.0,-1.3,0.0,0.4
393,1985/1/28,12.1,0.6,1.0,5.0
394,1985/1/29,4.9,0.3,0.0,0.0
395,1985/1/30,3.9,-2.5,0.0,9.6
396,1985/1/31,7.8,-2.4,0.0,9.2
397,1985/2/1,13.4,-1.3,0.0,9.7
398,1985/2/2,11.6,3.9,0.5,9.0
399,1985/2/3,10.7,2.3,0.0,6.3
400,1985/2/4,10.5,3.1,0.0,8.5
401,1985/2/5,8.0,4.7,0.5,0.0
402,1985/2/6,10.7,4.8,0.0,1.3
403,1985/2/7,14.0,7.0,0.0,5.5
404,1985/2/8,9.9,4.8,0.5,0.0
405,1985/2/9,8.9,3.5,2.5,0.0
406,1985/2/10,14.7,6.8,0.0,4.4
407,1985/2/11,11.4,4.9,0.0,9.9
408,1985/2/12,10.1,4.5,0.0,4.4
409,1985/2/13,13.5,2.9,0.5,8.5
410,1985/2/14,7.9,2.1,0.0,9.6
411,1985/2/15,9.9,1.8,0.0,9.6
412,1985/2/16,9.2,3.1,0.0,0.0
413,1985/2/17,11.8,4.7,0.0,9.8
414,1985/2/18,10.1,3.9,0.0,4.9
415,1985/2/19,7.8,2.9,1.5,0.0
416,1985/2/20,9.6,3.3,1.0,0.0
417,1985/2/21,13.5,2.9,0.0,7.4
418,1985/2/22,8.5,0.6,0.0,9.7
419,1985/2/23,8.2,0.3,0.0,8.0
420,1985/2/24,8.5,1.5,0.0,10.1
421,1985/2/25,9.6,1.7,0.0,9.8
422,1985/2/26,8.9,2.4,0.0,4.5
423,1985/2/27,8.6,3.2,0.0,2.3
424,1985/2/28,4.8,1.6,0.5,0.0
425,1985/3/1,10.5,3.7,0.5,1.5
426,1985/3/2,7.9,5.9,0.5,0.0
427,1985/3/3,14.4,4.9,0.5,7.5
428,1985/3/4,8.5,3.1,0.0,4.7
429,1985/3/5,7.4,4.6,1.5,0.0
430,1985/3/6,8.0,5.0,0.0,0.7
431,1985/3/7,10.2,4.2,0.0,3.4
432,1985/3/8,15.0,6.4,0.0,0.9
433,1985/3/9,17.9,6.3,0.5,0.0
434,1985/3/10,11.0,6.0,0.0,0.5
435,1985/3/11,6.1,1.4,0.5,0.0
436,1985/3/12,8.2,1.3,0.0,0.0
437,1985/3/13,10.3,4.1,0.0,0.6
438,1985/3/14,8.0,2.0,1.5,0.0
439,1985/3/15,9.0,3.9,0.0,5.0
440,1985/3/16,9.2,3.4,0.0,7.2
441,1985/3/17,7.5,3.8,1.5,0.0
442,1985/3/18,17.0,6.2,0.0,9.8
443,1985/3/19,10.9,4.3,1.0,0.0
444,1985/3/20,11.6,4.6,0.0,2.2
445,1985/3/21,8.9,5.6,1.0,0.0
446,1985/3/22,13.7,5.1,0.5,7.2
447,1985/3/23,7.4,5.1,0.5,0.0
448,1985/3/24,10.5,4.1,0.5,5.4
449,1985/3/25,15.6,4.6,0.0,7.4
450,1985/3/26,20.3,10.8,0.5,2.1
451,1985/3/27,11.0,4.3,1.0,0.0
452,1985/3/28,11.9,6.0,0.0,1.3
453,1985/3/29,12.2,7.7,0.0,0.0
454,1985/3/30,14.6,7.5,0.5,2.7
455,1985/3/31,11.5,4.2,0.5,3.9
456,1985/4/1,14.1,3.3,0.0,8.9
457,1985/4/2,14.7,4.2,0.0,7.6
458,1985/4/3,18.5,12.2,0.0,9.6
459,1985/4/4,17.0,13.9,2.0,0.0
460,1985/4/5,18.7,11.8,0.0,4.2
461,1985/4/6,19.4,10.4,0.0,9.8
462,1985/4/7,15.0,11.8,7.0,0.0
463,1985/4/8,15.7,11.1,1.0,0.0
464,1985/4/9,21.2,11.1,0.0,9.1
465,1985/4/10,20.2,9.6,0.0,7.6
466,1985/4/11,19.0,11.8,1.0,1.8
467,1985/4/12,13.0,6.9,1.0,0.0
468,1985/4/13,13.0,6.4,0.5,0.0
469,1985/4/14,16.7,7.5,0.0,12.0
470,1985/4/15,14.7,8.2,1.0,2.1
471,1985/4/16,15.3,10.0,1.0,0.8
472,1985/4/17,18.2,9.4,0.0,10.7
473,1985/4/18,13.4,9.0,0.5,0.6
474,1985/4/19,17.7,7.5,0.0,11.1
475,1985/4/20,19.2,13.0,3.0,5.4
476,1985/4/21,20.9,11.2,0.0,11.6
477,1985/4/22,21.3,11.0,1.0,5.9
478,1985/4/23,21.5,14.8,5.0,5.7
479,1985/4/24,23.7,12.3,1.0,6.7
480,1985/4/25,20.2,11.7,0.0,11.4
481,1985/4/26,22.6,13.3,0.0,8.5
482,1985/4/27,21.0,12.0,2.0,0.9
483,1985/4/28,19.0,11.5,0.0,9.3
484,1985/4/29,20.7,10.5,0.0,11.9
485,1985/4/30,23.1,11.7,0.0,10.6
486,1985/5/1,24.5,14.4,0.0,10.9
487,1985/5/2,24.6,16.2,0.0,10.3
488,1985/5/3,25.4,16.0,0.0,11.1
489,1985/5/4,25.8,14.4,0.0,11.4
490,1985/5/5,24.3,12.8,0.0,5.9
491,1985/5/6,23.3,18.7,0.5,1.0
492,1985/5/7,21.2,12.2,0.5,0.0
493,1985/5/8,22.6,13.2,0.0,7.9
494,1985/5/9,23.1,15.4,0.0,8.7
495,1985/5/10,21.6,15.3,0.5,3.4
496,1985/5/11,23.5,15.2,0.5,6.4
497,1985/5/12,24.3,15.7,0.0,11.8
498,1985/5/13,22.4,17.0,0.0,4.7
499,1985/5/14,18.8,17.7,0.5,0.0
500,1985/5/15,26.5,16.7,0.0,10.2
501,1985/5/16,21.9,15.1,0.0,11.7
502,1985/5/17,23.2,12.3,0.0,12.6
503,1985/5/18,23.9,16.2,0.0,11.7
504,1985/5/19,23.4,18.2,0.0,8.6
505,1985/5/20,22.8,18.8,2.0,0.0
506,1985/5/21,19.0,13.2,2.5,0.0
507,1985/5/22,20.7,13.0,0.0,5.5
508,1985/5/23,25.3,15.5,0.0,10.0
509,1985/5/24,23.0,18.5,4.0,0.0
510,1985/5/25,23.1,19.1,3.0,0.0
511,1985/5/26,25.9,19.1,0.0,3.6
512,1985/5/27,25.4,17.0,0.0,11.4
513,1985/5/28,24.0,18.6,0.0,5.0
514,1985/5/29,20.0,14.2,1.0,0.0
515,1985/5/30,19.2,12.8,0.0,11.2
516,1985/5/31,20.8,13.7,0.0,6.8
517,1985/6/1,23.0,15.5,0.0,9.1
518,1985/6/2,24.0,16.0,0.0,10.7
519,1985/6/3,25.4,19.0,0.0,4.8
520,1985/6/4,26.7,19.6,0.0,6.8
521,1985/6/5,28.7,18.5,0.0,12.8
522,1985/6/6,30.1,19.0,0.0,13.1
523,1985/6/7,29.9,19.7,0.0,11.2
524,1985/6/8,22.6,18.0,1.5,0.0
525,1985/6/9,19.6,16.6,0.5,0.0
526,1985/6/10,20.6,16.9,0.5,0.0
527,1985/6/11,21.3,15.9,0.0,0.0
528,1985/6/12,20.6,16.1,0.5,0.4
529,1985/6/13,17.9,14.4,1.0,0.0
530,1985/6/14,17.4,13.5,0.5,0.6
531,1985/6/15,18.4,13.2,0.0,1.7
532,1985/6/16,21.5,14.1,0.0,11.1
533,1985/6/17,22.3,14.1,0.0,10.1
534,1985/6/18,18.8,15.8,0.5,0.0
535,1985/6/19,22.0,16.0,2.0,0.0
536,1985/6/20,22.9,17.1,6.5,2.9
537,1985/6/21,22.6,18.0,0.0,0.0
538,1985/6/22,26.9,20.0,3.0,0.3
539,1985/6/23,28.1,21.6,0.5,4.7
540,1985/6/24,23.8,19.6,2.0,0.0
541,1985/6/25,22.0,19.4,1.5,0.0
542,1985/6/26,26.4,19.5,1.0,3.8
543,1985/6/27,23.8,19.1,0.5,0.2
544,1985/6/28,19.5,17.8,2.5,0.0
545,1985/6/29,22.0,17.8,1.0,0.0
546,1985/6/30,24.7,19.3,6.0,0.0
547,1985/7/1,32.2,22.4,5.0,8.9
548,1985/7/2,25.7,20.3,0.5,0.0
549,1985/7/3,24.2,19.7,0.5,1.3
550,1985/7/4,25.9,20.3,0.5,0.3
551,1985/7/5,23.2,19.8,0.5,0.0
552,1985/7/6,29.2,20.5,0.5,1.3
553,1985/7/7,26.7,23.4,0.0,0.0
554,1985/7/8,26.4,22.9,0.0,1.6
555,1985/7/9,29.7,20.9,0.0,12.4
556,1985/7/10,28.2,22.5,0.0,2.1
557,1985/7/11,30.1,23.0,1.5,5.0
558,1985/7/12,29.2,24.8,0.0,0.0
559,1985/7/13,25.9,23.0,1.0,0.0
560,1985/7/14,32.2,22.7,6.5,7.2
561,1985/7/15,31.7,20.5,1.0,10.5
562,1985/7/16,30.2,22.3,0.0,9.8
563,1985/7/17,29.2,22.6,0.0,7.8
564,1985/7/18,32.8,25.8,0.0,11.0
565,1985/7/19,32.7,25.3,0.0,10.9
566,1985/7/20,31.4,24.4,7.0,3.3
567,1985/7/21,31.5,23.6,1.5,4.8
568,1985/7/22,31.2,23.6,0.0,5.2
569,1985/7/23,31.2,23.4,0.0,12.1
570,1985/7/24,32.2,24.8,0.0,10.5
571,1985/7/25,33.0,25.1,0.0,11.8
572,1985/7/26,33.0,25.2,0.0,9.3
573,1985/7/27,33.1,25.9,0.0,9.4
574,1985/7/28,33.0,25.6,0.0,8.9
575,1985/7/29,33.5,25.2,0.0,12.4
576,1985/7/30,34.3,26.2,0.0,8.8
577,1985/7/31,32.3,26.6,0.0,8.2
578,1985/8/1,31.1,26.7,0.0,2.9
579,1985/8/2,31.9,26.3,0.0,9.0
580,1985/8/3,32.1,25.7,0.0,12.5
581,1985/8/4,32.2,25.3,0.0,12.4
582,1985/8/5,32.1,25.9,0.0,11.3
583,1985/8/6,31.6,26.5,0.0,4.8
584,1985/8/7,29.9,24.2,5.0,2.9
585,1985/8/8,32.1,26.3,0.0,9.8
586,1985/8/9,31.2,26.0,0.0,9.1
587,1985/8/10,30.4,23.7,2.5,3.1
588,1985/8/11,26.7,23.4,6.5,0.0
589,1985/8/12,31.5,25.7,0.0,10.0
590,1985/8/13,32.4,25.7,0.0,10.0
591,1985/8/14,32.4,25.3,0.0,12.1
592,1985/8/15,32.2,25.7,0.0,9.3
593,1985/8/16,33.3,26.6,0.0,10.6
594,1985/8/17,33.3,27.1,0.0,10.0
595,1985/8/18,33.9,27.0,0.0,10.6
596,1985/8/19,31.2,26.0,0.0,5.1
597,1985/8/20,27.8,24.3,0.5,0.0
598,1985/8/21,29.9,24.8,0.0,4.8
599,1985/8/22,31.5,24.7,0.0,7.2
600,1985/8/23,31.2,23.7,0.0,11.9
601,1985/8/24,31.8,22.6,0.0,12.3
602,1985/8/25,31.8,23.2,0.0,10.8
603,1985/8/26,32.0,23.8,0.0,12.0
604,1985/8/27,31.0,24.7,0.0,10.3
605,1985/8/28,31.8,25.2,0.0,9.3
606,1985/8/29,33.1,25.6,0.0,11.5
607,1985/8/30,32.8,23.7,5.0,5.1
608,1985/8/31,32.3,23.5,3.0,7.1
609,1985/9/1,32.9,26.8,0.0,11.7
610,1985/9/2,35.0,23.0,3.0,8.0
611,1985/9/3,28.6,23.9,0.0,1.0
612,1985/9/4,30.6,24.7,0.0,8.0
613,1985/9/5,32.4,25.9,0.0,8.3
614,1985/9/6,31.2,23.3,3.5,1.1
615,1985/9/7,30.5,23.4,0.0,5.9
616,1985/9/8,31.6,22.9,0.0,9.9
617,1985/9/9,29.6,23.4,0.0,7.0
618,1985/9/10,29.8,23.9,0.0,4.4
619,1985/9/11,26.3,22.2,0.5,0.0
620,1985/9/12,26.6,21.9,0.0,1.5
621,1985/9/13,29.3,22.5,0.0,7.1
622,1985/9/14,25.8,19.8,0.5,4.2
623,1985/9/15,19.9,16.6,1.0,0.0
624,1985/9/16,20.1,17.1,0.5,0.0
625,1985/9/17,25.5,19.2,0.0,4.2
626,1985/9/18,22.8,19.1,0.5,0.0
627,1985/9/19,27.7,20.4,0.0,3.5
628,1985/9/20,28.4,20.8,0.0,3.0
629,1985/9/21,25.6,21.3,0.5,0.3
630,1985/9/22,25.6,19.2,3.5,0.3
631,1985/9/23,19.6,15.7,2.5,0.0
632,1985/9/24,16.9,14.5,2.5,0.0
633,1985/9/25,22.3,16.4,0.0,0.0
634,1985/9/26,26.6,18.5,0.0,7.8
635,1985/9/27,22.4,18.6,0.5,0.1
636,1985/9/28,18.7,15.7,1.0,0.0
637,1985/9/29,17.6,16.0,1.5,0.0
638,1985/9/30,24.2,16.5,0.5,4.6
639,1985/10/1,26.2,19.1,0.0,3.8
640,1985/10/2,25.1,17.8,0.0,7.8
641,1985/10/3,24.7,14.9,0.0,9.7
642,1985/10/4,24.7,16.7,0.0,1.1
643,1985/10/5,23.7,18.4,0.0,0.0
644,1985/10/6,18.7,15.9,1.5,0.0
645,1985/10/7,25.7,16.9,0.0,5.6
646,1985/10/8,25.9,16.9,0.0,9.7
647,1985/10/9,24.2,17.2,0.0,9.9
648,1985/10/10,24.1,18.6,0.0,6.0
649,1985/10/11,21.1,18.8,1.5,0.0
650,1985/10/12,27.3,18.9,0.0,4.8
651,1985/10/13,29.0,23.4,0.0,9.8
652,1985/10/14,25.0,14.4,2.0,0.0
653,1985/10/15,18.8,12.1,0.0,6.1
654,1985/10/16,20.5,10.5,0.0,8.8
655,1985/10/17,19.7,13.9,0.5,0.7
656,1985/10/18,15.1,12.9,0.0,0.0
657,1985/10/19,18.6,10.5,0.0,7.5
658,1985/10/20,16.5,12.8,0.0,0.1
659,1985/10/21,19.0,13.2,0.0,5.8
660,1985/10/22,18.7,13.4,0.0,2.7
661,1985/10/23,21.8,11.3,0.0,8.7
662,1985/10/24,22.0,12.0,0.0,9.4
663,1985/10/25,19.0,12.5,0.0,7.6
664,1985/10/26,15.0,10.1,0.0,0.8
665,1985/10/27,22.2,10.7,0.0,9.9
666,1985/10/28,18.5,10.0,0.0,8.6
667,1985/10/29,15.4,10.9,0.5,0.8
668,1985/10/30,17.9,12.9,0.5,0.3
669,1985/10/31,21.1,15.8,0.0,3.4
670,1985/11/1,16.2,14.4,1.0,0.0
671,1985/11/2,18.6,10.9,0.0,9.7
672,1985/11/3,16.8,8.9,0.0,9.6
673,1985/11/4,19.5,8.2,0.0,9.5
674,1985/11/5,21.3,12.1,0.5,2.6
675,1985/11/6,16.3,13.6,3.0,0.0
676,1985/11/7,18.8,14.9,3.0,0.0
677,1985/11/8,24.5,14.2,0.0,8.8
678,1985/11/9,21.5,14.6,0.0,6.6
679,1985/11/10,20.0,15.4,0.0,3.1
680,1985/11/11,18.9,12.5,0.5,5.5
681,1985/11/12,20.9,11.2,0.0,9.3
682,1985/11/13,17.6,8.3,0.0,8.7
683,1985/11/14,16.1,7.3,0.0,9.4
684,1985/11/15,15.7,7.6,0.0,9.0
685,1985/11/16,13.7,7.0,0.0,2.0
686,1985/11/17,17.3,6.7,0.0,5.5
687,1985/11/18,16.7,7.4,0.0,8.3
688,1985/11/19,15.2,6.5,0.0,8.7
689,1985/11/20,12.6,7.5,0.0,1.8
690,1985/11/21,16.5,6.5,0.0,8.5
691,1985/11/22,17.0,8.6,0.0,4.0
692,1985/11/23,23.2,11.9,0.0,8.0
693,1985/11/24,16.2,7.3,2.0,0.0
694,1985/11/25,13.5,5.6,0.5,8.4
695,1985/11/26,13.6,4.2,0.0,8.8
696,1985/11/27,13.8,5.3,0.0,8.4
697,1985/11/28,17.4,5.8,0.5,1.4
698,1985/11/29,13.8,4.4,0.5,4.2
699,1985/11/30,10.8,3.6,0.5,3.7
700,1985/12/1,14.5,4.2,0.0,8.9
701,1985/12/2,16.6,4.6,0.0,8.5
702,1985/12/3,14.7,5.4,0.0,8.1
703,1985/12/4,17.6,5.7,0.0,6.2
704,1985/12/5,16.0,7.9,0.0,8.1
705,1985/12/6,15.2,7.8,0.5,0.0
706,1985/12/7,9.6,7.3,1.0,0.0
707,1985/12/8,10.8,7.3,0.5,0.0
708,1985/12/9,13.3,3.7,0.0,5.6
709,1985/12/10,8.4,2.0,0.0,8.4
710,1985/12/11,8.7,2.3,0.0,5.0
711,1985/12/12,9.4,1.8,0.0,7.9
712,1985/12/13,10.9,1.7,0.0,7.7
713,1985/12/14,14.4,3.2,0.0,7.6
714,1985/12/15,8.5,2.3,0.0,8.3
715,1985/12/16,6.9,1.3,0.0,8.6
716,1985/12/17,7.7,-0.4,0.0,7.5
717,1985/12/18,9.0,-0.5,0.0,8.9
718,1985/12/19,11.0,0.3,0.0,8.3
719,1985/12/20,9.7,3.1,0.0,8.5
720,1985/12/21,9.6,2.8,0.0,8.6
721,1985/12/22,5.0,1.5,0.5,0.0
722,1985/12/23,10.2,2.7,0.0,3.2
723,1985/12/24,8.6,3.4,0.5,8.9
724,1985/12/25,8.2,2.0,0.0,5.4
725,1985/12/26,11.2,2.3,0.0,7.8
726,1985/12/27,12.6,3.7,0.0,7.8
727,1985/12/28,9.9,3.8,0.0,7.9
728,1985/12/29,11.5,1.4,0.0,7.9
729,1985/12/30,18.8,3.1,0.0,6.9
730,1985/12/31,16.0,8.0,0.0,6.4
731,1986/1/1,9.3,6.5,0.0,0.0
732,1986/1/2,9.9,3.5,0.0,5.3
733,1986/1/3,6.4,0.4,0.0,0.3
734,1986/1/4,6.5,2.1,2.0,3.1
735,1986/1/5,7.1,1.5,0.0,5.7
736,1986/1/6,7.7,-0.4,0.0,8.7
737,1986/1/7,8.1,-0.6,0.0,5.9
738,1986/1/8,11.3,0.1,0.0,7.3
739,1986/1/9,8.6,1.2,0.0,8.9
740,1986/1/10,8.8,-0.2,0.0,8.2
741,1986/1/11,6.7,-1.3,0.0,8.5
742,1986/1/12,8.0,-0.8,0.0,8.9
743,1986/1/13,7.7,0.1,0.0,5.6
744,1986/1/14,8.1,1.5,0.0,8.9
745,1986/1/15,11.2,2.5,0.0,7.8
746,1986/1/16,5.9,2.5,0.5,0.0
747,1986/1/17,11.8,2.3,0.0,7.2
748,1986/1/18,11.8,2.9,0.0,6.7
749,1986/1/19,8.6,2.1,0.0,8.7
750,1986/1/20,6.9,1.8,0.0,0.0
751,1986/1/21,7.9,3.0,0.0,1.5
752,1986/1/22,7.0,0.3,0.5,6.7
753,1986/1/23,7.1,-1.2,0.0,9.0
754,1986/1/24,6.5,-0.4,0.0,4.8
755,1986/1/25,6.8,-0.8,0.0,8.3
756,1986/1/26,6.7,-0.2,0.0,6.8
757,1986/1/27,7.5,-0.8,0.0,8.5
758,1986/1/28,8.5,0.5,0.0,8.5
759,1986/1/29,7.8,-0.3,0.0,5.4
760,1986/1/30,7.4,0.7,0.0,3.7
761,1986/1/31,10.5,1.5,0.0,6.8
762,1986/2/1,5.8,1.6,0.0,2.7
763,1986/2/2,9.2,2.0,0.0,6.6
764,1986/2/3,14.5,0.1,0.0,9.0
765,1986/2/4,6.9,0.7,0.0,7.1
766,1986/2/5,8.0,-0.2,0.0,8.8
767,1986/2/6,6.8,0.1,0.0,5.9
768,1986/2/7,6.5,0.3,0.0,7.2
769,1986/2/8,3.6,-0.4,0.5,2.7
770,1986/2/9,7.5,-1.6,0.0,8.0
771,1986/2/10,7.4,0.1,0.0,9.4
772,1986/2/11,2.9,0.0,0.0,0.0
773,1986/2/12,9.5,0.9,0.0,9.4
774,1986/2/13,9.8,1.2,0.0,8.6
775,1986/2/14,12.8,3.6,0.0,3.3
776,1986/2/15,8.1,4.0,0.5,0.0
777,1986/2/16,4.7,0.4,0.0,10.1
778,1986/2/17,9.0,-1.4,0.0,7.8
779,1986/2/18,3.0,0.0,0.5,0.0
780,1986/2/19,5.4,-0.2,0.5,4.3
781,1986/2/20,7.3,-0.1,0.0,7.2
782,1986/2/21,8.4,1.8,0.0,8.5
783,1986/2/22,8.0,1.8,0.0,8.0
784,1986/2/23,10.9,2.9,0.0,8.9
785,1986/2/24,8.1,2.3,0.0,4.8
786,1986/2/25,7.2,-0.4,0.0,9.8
787,1986/2/26,9.1,0.9,0.0,9.7
788,1986/2/27,10.3,1.8,0.0,7.0
789,1986/2/28,9.5,0.5,0.0,6.8
790,1986/3/1,10.8,2.5,0.0,6.3
791,1986/3/2,9.5,2.7,0.0,7.0
792,1986/3/3,11.6,1.0,0.0,7.9
793,1986/3/4,7.0,0.0,0.0,4.6
794,1986/3/5,9.9,1.6,0.5,3.6
795,1986/3/6,9.4,2.1,0.0,7.0
796,1986/3/7,11.7,3.4,0.0,7.2
797,1986/3/8,13.6,4.9,0.0,9.7
798,1986/3/9,18.1,5.3,0.0,9.9
799,1986/3/10,16.7,9.1,0.0,1.5
800,1986/3/11,13.4,3.9,1.0,0.0
801,1986/3/12,11.3,4.2,0.0,0.6
802,1986/3/13,14.5,3.4,0.0,9.7
803,1986/3/14,8.6,1.4,0.5,0.0
804,1986/3/15,6.6,1.0,1.0,0.0
805,1986/3/16,16.4,5.2,0.0,8.0
806,1986/3/17,12.1,5.0,0.0,10.4
807,1986/3/18,11.7,3.5,0.0,7.0
808,1986/3/19,9.4,5.7,3.0,0.0
809,1986/3/20,14.1,7.0,0.5,7.5
810,1986/3/21,13.2,5.1,0.0,10.3
811,1986/3/22,7.9,3.7,0.5,0.0
812,1986/3/23,4.8,0.7,2.0,0.0
813,1986/3/24,10.2,4.5,0.0,8.9
814,1986/3/25,11.5,3.8,0.0,10.9
815,1986/3/26,12.4,4.4,0.0,10.9
816,1986/3/27,16.9,4.5,0.0,9.5
817,1986/3/28,12.8,3.8,0.5,0.0
818,1986/3/29,10.5,3.7,0.5,0.0
819,1986/3/30,12.3,5.7,0.5,0.3
820,1986/3/31,15.8,8.1,0.5,2.8
821,1986/4/1,13.1,7.0,0.0,5.1
822,1986/4/2,16.3,8.3,0.0,10.0
823,1986/4/3,13.2,6.7,0.0,3.0
824,1986/4/4,16.1,9.0,1.0,0.0
825,1986/4/5,20.8,10.2,0.0,8.9
826,1986/4/6,18.2,6.4,0.0,9.3
827,1986/4/7,11.9,6.0,0.0,11.8
828,1986/4/8,15.8,4.6,0.0,10.3
829,1986/4/9,21.9,9.7,0.0,10.2
830,1986/4/10,19.8,13.7,0.5,4.5
831,1986/4/11,16.4,9.1,1.0,0.0
832,1986/4/12,14.2,6.5,0.0,10.8
833,1986/4/13,17.1,7.4,0.0,11.4
834,1986/4/14,20.9,9.0,0.0,11.0
835,1986/4/15,14.2,9.9,1.0,0.0
836,1986/4/16,17.6,8.7,0.5,8.5
837,1986/4/17,15.5,7.4,0.0,1.8
838,1986/4/18,17.5,10.3,0.0,1.1
839,1986/4/19,15.3,12.7,1.0,0.0
840,1986/4/20,17.0,12.0,0.5,0.1
841,1986/4/21,19.8,12.9,0.5,1.5
842,1986/4/22,17.0,13.9,1.5,0.0
843,1986/4/23,23.0,13.7,1.5,6.9
844,1986/4/24,19.8,13.9,0.0,6.4
845,1986/4/25,21.1,13.6,0.0,8.7
846,1986/4/26,22.5,13.8,0.0,8.4
847,1986/4/27,22.9,13.3,0.0,5.7
848,1986/4/28,21.1,10.0,1.5,0.0
849,1986/4/29,18.6,10.1,0.0,7.6
850,1986/4/30,20.8,11.2,0.0,12.2
851,1986/5/1,21.0,13.1,0.0,12.1
852,1986/5/2,19.7,16.2,0.5,0.0
853,1986/5/3,18.7,14.0,0.5,0.0
854,1986/5/4,17.8,13.8,0.5,3.8
855,1986/5/5,19.6,13.0,1.0,4.3
856,1986/5/6,18.5,14.2,2.5,1.2
857,1986/5/7,25.5,14.3,0.5,10.6
858,1986/5/8,25.5,14.7,0.0,11.8
859,1986/5/9,23.9,17.9,0.0,11.5
860,1986/5/10,21.6,13.7,0.0,6.4
861,1986/5/11,19.1,12.8,0.0,0.8
862,1986/5/12,17.8,14.2,0.0,2.3
863,1986/5/13,21.4,13.0,0.0,11.8
864,1986/5/14,20.8,13.9,3.5,1.3
865,1986/5/15,22.5,14.1,2.5,3.0
866,1986/5/16,23.1,13.3,0.0,5.7
867,1986/5/17,23.1,12.9,0.0,12.6
868,1986/5/18,23.1,14.5,0.0,8.7
869,1986/5/19,24.1,18.4,0.0,4.1
870,1986/5/20,20.8,15.3,2.0,0.0
871,1986/5/21,17.6,11.5,2.0,0.0
872,1986/5/22,18.7,11.2,0.0,6.1
873,1986/5/23,22.0,12.3,0.0,10.4
874,1986/5/24,23.2,13.4,0.0,9.2
875,1986/5/25,25.2,16.6,0.0,8.1
876,1986/5/26,20.8,14.9,0.0,8.8
877,1986/5/27,23.1,13.3,0.0,13.1
878,1986/5/28,22.9,14.7,0.0,12.2
879,1986/5/29,22.7,17.1,1.0,4.2
880,1986/5/30,18.9,17.1,1.5,0.0
881,1986/5/31,26.9,17.3,1.5,10.1
882,1986/6/1,26.6,19.3,0.0,8.5
883,1986/6/2,27.5,19.7,0.0,8.4
884,1986/6/3,24.3,20.1,0.0,0.0
885,1986/6/4,23.6,15.3,0.0,10.4
886,1986/6/5,21.8,14.2,0.0,8.3
887,1986/6/6,16.7,13.8,0.5,0.0
888,1986/6/7,20.2,15.5,1.5,0.0
889,1986/6/8,24.6,15.7,0.5,7.0
890,1986/6/9,26.6,17.0,0.0,11.0
891,1986/6/10,24.4,18.3,0.0,8.9
892,1986/6/11,26.0,16.8,0.0,12.7
893,1986/6/12,26.1,16.3,0.0,13.0
894,1986/6/13,26.6,17.1,0.0,12.6
895,1986/6/14,25.0,18.6,0.0,10.7
896,1986/6/15,26.0,20.0,0.0,11.6
897,1986/6/16,25.8,21.0,0.0,4.2
898,1986/6/17,23.8,20.7,0.5,0.0
899,1986/6/18,25.3,21.8,1.0,0.2
900,1986/6/19,27.7,20.6,0.0,7.9
901,1986/6/20,27.1,19.8,0.0,5.3
902,1986/6/21,20.3,17.7,0.5,0.0
903,1986/6/22,24.7,17.7,0.0,3.9
904,1986/6/23,24.1,20.5,0.0,0.0
905,1986/6/24,23.9,19.7,0.0,0.0
906,1986/6/25,24.9,20.9,1.0,0.0
907,1986/6/26,31.5,21.4,16.0,7.4
908,1986/6/27,25.0,20.6,0.0,6.0
909,1986/6/28,23.0,18.6,0.5,0.1
910,1986/6/29,18.8,15.6,2.5,0.0
911,1986/6/30,19.0,16.0,4.0,0.0
912,1986/7/1,26.4,18.4,2.5,6.7
913,1986/7/2,19.0,17.0,2.5,0.0
914,1986/7/3,21.4,16.7,0.5,0.0
915,1986/7/4,23.0,17.6,0.5,0.0
916,1986/7/5,25.3,20.1,0.5,0.5
917,1986/7/6,28.5,20.4,0.5,1.1
918,1986/7/7,22.7,20.0,0.5,0.0
919,1986/7/8,26.7,19.7,0.0,5.1
920,1986/7/9,27.7,21.9,0.0,1.1
921,1986/7/10,26.2,22.2,0.5,0.0
922,1986/7/11,25.4,21.1,0.5,0.0
923,1986/7/12,29.1,20.5,0.0,2.2
924,1986/7/13,26.8,23.1,0.5,1.4
925,1986/7/14,28.9,20.9,0.0,8.5
926,1986/7/15,27.4,22.5,2.0,0.0
927,1986/7/16,26.5,21.2,0.5,0.0
928,1986/7/17,23.9,21.2,0.5,0.0
929,1986/7/18,32.6,21.1,1.0,6.0
930,1986/7/19,32.7,22.0,0.0,9.6
931,1986/7/20,22.2,19.2,0.0,0.0
932,1986/7/21,23.0,18.2,0.0,0.0
933,1986/7/22,22.4,19.0,1.0,0.0
934,1986/7/23,28.9,20.1,18.0,4.9
935,1986/7/24,28.4,23.1,0.0,8.2
936,1986/7/25,27.0,21.4,0.0,0.0
937,1986/7/26,29.6,22.5,0.0,3.7
938,1986/7/27,30.8,24.2,0.0,7.2
939,1986/7/28,32.0,24.8,0.0,9.6
940,1986/7/29,33.4,25.1,0.0,10.6
941,1986/7/30,32.5,25.4,0.0,11.0
942,1986/7/31,32.6,25.5,0.0,11.7
943,1986/8/1,33.0,25.4,0.0,10.9
944,1986/8/2,29.2,23.6,6.0,5.9
945,1986/8/3,29.3,23.0,0.0,4.6
946,1986/8/4,24.0,19.6,9.0,0.0
947,1986/8/5,34.6,20.4,7.0,11.7
948,1986/8/6,32.4,25.5,0.0,10.6
949,1986/8/7,31.6,24.9,0.0,4.0
950,1986/8/8,28.9,23.4,1.5,0.0
951,1986/8/9,30.4,23.6,0.0,4.0
952,1986/8/10,31.9,24.8,0.0,9.5
953,1986/8/11,32.1,25.2,0.0,11.5
954,1986/8/12,30.2,25.3,0.0,6.5
955,1986/8/13,30.4,25.5,0.0,7.7
956,1986/8/14,31.0,26.0,0.0,9.7
957,1986/8/15,29.5,26.0,0.0,4.7
958,1986/8/16,31.9,25.4,0.0,7.6
959,1986/8/17,30.9,25.1,0.0,2.5
960,1986/8/18,27.9,24.3,0.0,0.1
961,1986/8/19,25.1,23.1,1.0,0.0
962,1986/8/20,29.4,24.2,0.0,5.0
963,1986/8/21,32.1,25.3,0.0,6.3
964,1986/8/22,29.6,23.1,0.0,3.1
965,1986/8/23,25.6,22.2,0.0,0.0
966,1986/8/24,28.6,21.1,0.0,10.0
967,1986/8/25,30.5,22.0,0.0,11.7
968,1986/8/26,31.4,23.3,0.0,7.0
969,1986/8/27,32.7,25.2,0.0,9.6
970,1986/8/28,31.9,25.1,0.0,12.1
971,1986/8/29,32.0,24.5,0.0,7.4
972,1986/8/30,31.6,26.8,0.0,6.3
973,1986/8/31,31.2,25.2,0.0,9.8
974,1986/9/1,31.4,24.1,0.0,4.7
975,1986/9/2,26.9,23.3,13.5,0.0
976,1986/9/3,28.9,25.9,1.5,1.6
977,1986/9/4,34.5,25.2,0.0,11.4
978,1986/9/5,30.7,25.3,0.0,7.0
979,1986/9/6,28.8,21.4,6.0,2.5
980,1986/9/7,28.8,21.3,0.0,6.8
981,1986/9/8,28.8,23.5,4.0,1.0
982,1986/9/9,27.0,22.0,0.0,0.3
983,1986/9/10,27.9,22.2,0.5,0.6
984,1986/9/11,31.2,22.2,0.5,9.1
985,1986/9/12,25.6,21.2,2.5,0.0
986,1986/9/13,28.1,21.3,3.5,1.8
987,1986/9/14,23.6,19.6,1.0,0.6
988,1986/9/15,23.2,20.2,0.5,0.0
989,1986/9/16,21.3,19.3,1.0,0.0
990,1986/9/17,21.4,19.9,1.5,0.0
991,1986/9/18,28.2,20.8,0.5,4.7
992,1986/9/19,26.4,22.8,0.0,1.2
993,1986/9/20,24.1,18.9,1.0,0.0
994,1986/9/21,25.2,18.4,0.5,0.1
995,1986/9/22,30.9,23.6,0.0,8.4
996,1986/9/23,26.7,20.9,0.0,6.2
997,1986/9/24,27.0,20.7,0.0,7.3
998,1986/9/25,25.7,18.5,0.0,5.5
999,1986/9/26,25.6,18.0,0.0,9.8
